{"cameraMode":{"drawMode":0,"name":"Shaded","section":"Shading Mode"},"sceneLighting":true,"audioPlay":false,"sceneViewState":{"showFog":true,"showMaterialUpdate":false,"showSkybox":true,"showFlares":true,"showImageEffects":true,"showParticleSystems":true},"in2DMode":false,"pivot":{"x":-1.1715087890625,"y":1.05181884765625,"z":-0.9315185546875},"rotation":{"x":0.11561916768550873,"y":0.6881634593009949,"z":-0.11246289312839508,"w":0.7074146866798401},"size":1.6888266801834107,"orthographic":true}