{"cameraMode":{"drawMode":0,"name":"Shaded","section":"Shading Mode"},"sceneLighting":true,"audioPlay":false,"sceneViewState":{"showFog":true,"showMaterialUpdate":false,"showSkybox":true,"showFlares":true,"showImageEffects":true,"showParticleSystems":true},"in2DMode":false,"pivot":{"x":-5.922167778015137,"y":2.5042724609375,"z":-5.165148735046387},"rotation":{"x":-0.052534956485033038,"y":-0.8644541501998901,"z":0.09241156280040741,"w":-0.49138736724853518},"size":4.253392696380615,"orthographic":true}