{"cameraMode":{"drawMode":0,"name":"Shaded","section":"Shading Mode"},"sceneLighting":true,"audioPlay":false,"sceneViewState":{"showFog":true,"showMaterialUpdate":false,"showSkybox":true,"showFlares":true,"showImageEffects":true,"showParticleSystems":true},"in2DMode":false,"pivot":{"x":-0.12780076265335084,"y":0.2112373411655426,"z":-0.2225743681192398},"rotation":{"x":-0.05893128365278244,"y":0.6385722160339356,"z":-0.049145184457302096,"w":-0.7657276391983032},"size":0.36813884973526,"orthographic":false}