{"cameraMode":{"drawMode":0,"name":"Shaded","section":"Shading Mode"},"sceneLighting":false,"audioPlay":false,"sceneViewState":{"showFog":true,"showMaterialUpdate":false,"showSkybox":false,"showFlares":true,"showImageEffects":true,"showParticleSystems":true},"in2DMode":false,"pivot":{"x":-0.3594357371330261,"y":0.8954039812088013,"z":-0.33012855052948},"rotation":{"x":-0.22116801142692567,"y":-0.5675480365753174,"z":0.16166576743125916,"w":-0.776438295841217},"size":1.9620054960250855,"orthographic":true}