{"cameraMode":{"drawMode":0,"name":"Shaded","section":"Shading Mode"},"sceneLighting":true,"audioPlay":false,"sceneViewState":{"showFog":true,"showMaterialUpdate":false,"showSkybox":true,"showFlares":true,"showImageEffects":true,"showParticleSystems":true},"in2DMode":false,"pivot":{"x":-1.1715087890625,"y":1.05181884765625,"z":-0.9315185546875},"rotation":{"x":-0.04549643397331238,"y":0.5711636543273926,"z":-0.03173663467168808,"w":-0.818972647190094},"size":6.948657035827637,"orthographic":true}