{"cameraMode":{"drawMode":0,"name":"Shaded","section":"Shading Mode"},"sceneLighting":true,"audioPlay":false,"sceneViewState":{"showFog":true,"showMaterialUpdate":false,"showSkybox":true,"showFlares":true,"showImageEffects":true,"showParticleSystems":true},"in2DMode":false,"pivot":{"x":-1.05029296875,"y":1.40496826171875,"z":0.44189453125},"rotation":{"x":0.0806785374879837,"y":-0.07557662576436997,"z":0.006135143339633942,"w":0.9938521385192871},"size":2.076380968093872,"orthographic":true}